Entity,Code,Year,Inequality-adjusted Human Development Index
Afghanistan,AFG,2010,0.287
Afghanistan,AFG,2011,0.293
Afghanistan,AFG,2012,0.302
Afghanistan,AFG,2013,0.309
Afghanistan,AFG,2014,0.313
Afghanistan,AFG,2015,0.312
Afghanistan,AFG,2016,0.316
Afghanistan,AFG,2017,0.316
Afghanistan,AFG,2018,0.318
Afghanistan,AFG,2019,0.323
Afghanistan,AFG,2020,0.321
Afghanistan,AFG,2021,0.311
Afghanistan,AFG,2022,0.3
Albania,ALB,2010,0.663
Albania,ALB,2011,0.675
Albania,ALB,2012,0.687
Albania,ALB,2013,0.691
Albania,ALB,2014,0.68
Albania,ALB,2015,0.686
Albania,ALB,2016,0.681
Albania,ALB,2017,0.683
Albania,ALB,2018,0.687
Albania,ALB,2019,0.692
Albania,ALB,2020,0.682
Albania,ALB,2021,0.682
Albania,ALB,2022,0.687
Algeria,DZA,2012,0.565
Algeria,DZA,2013,0.567
Algeria,DZA,2014,0.571
Algeria,DZA,2015,0.574
Algeria,DZA,2016,0.576
Algeria,DZA,2017,0.577
Algeria,DZA,2018,0.579
Algeria,DZA,2019,0.582
Algeria,DZA,2020,0.573
Algeria,DZA,2021,0.582
Algeria,DZA,2022,0.588
Andorra,AND,2016,0.773
Andorra,AND,2017,0.775
Andorra,AND,2018,0.777
Andorra,AND,2019,0.779
Andorra,AND,2020,0.758
Andorra,AND,2021,0.77
Andorra,AND,2022,0.81
Angola,AGO,2015,0.365
Angola,AGO,2016,0.37
Angola,AGO,2017,0.373
Angola,AGO,2018,0.374
Angola,AGO,2019,0.346
Angola,AGO,2020,0.345
Angola,AGO,2021,0.344
Angola,AGO,2022,0.344
Arab States (UNDP),,2010,0.483
Arab States (UNDP),,2011,0.493
Arab States (UNDP),,2012,0.503
Arab States (UNDP),,2013,0.509
Arab States (UNDP),,2014,0.514
Arab States (UNDP),,2015,0.516
Arab States (UNDP),,2016,0.518
Arab States (UNDP),,2017,0.523
Arab States (UNDP),,2018,0.53
Arab States (UNDP),,2019,0.534
Arab States (UNDP),,2020,0.533
Arab States (UNDP),,2021,0.533
Arab States (UNDP),,2022,0.534
Argentina,ARG,2010,0.716
Argentina,ARG,2011,0.725
Argentina,ARG,2012,0.734
Argentina,ARG,2013,0.737
Argentina,ARG,2014,0.739
Argentina,ARG,2015,0.741
Argentina,ARG,2016,0.74
Argentina,ARG,2017,0.745
Argentina,ARG,2018,0.744
Argentina,ARG,2019,0.744
Argentina,ARG,2020,0.734
Argentina,ARG,2021,0.741
Argentina,ARG,2022,0.747
Armenia,ARM,2010,0.661
Armenia,ARM,2011,0.668
Armenia,ARM,2012,0.675
Armenia,ARM,2013,0.679
Armenia,ARM,2014,0.684
Armenia,ARM,2015,0.69
Armenia,ARM,2016,0.694
Armenia,ARM,2017,0.696
Armenia,ARM,2018,0.699
Armenia,ARM,2019,0.716
Armenia,ARM,2020,0.708
Armenia,ARM,2021,0.708
Armenia,ARM,2022,0.721
Australia,AUS,2010,0.833
Australia,AUS,2011,0.836
Australia,AUS,2012,0.84
Australia,AUS,2013,0.839
Australia,AUS,2014,0.845
Australia,AUS,2015,0.847
Australia,AUS,2016,0.853
Australia,AUS,2017,0.854
Australia,AUS,2018,0.855
Australia,AUS,2019,0.854
Australia,AUS,2020,0.863
Australia,AUS,2021,0.865
Australia,AUS,2022,0.86
Austria,AUT,2010,0.827
Austria,AUT,2011,0.838
Austria,AUT,2012,0.839
Austria,AUT,2013,0.836
Austria,AUT,2014,0.843
Austria,AUT,2015,0.844
Austria,AUT,2016,0.845
Austria,AUT,2017,0.845
Austria,AUT,2018,0.852
Austria,AUT,2019,0.852
Austria,AUT,2020,0.851
Austria,AUT,2021,0.855
Austria,AUT,2022,0.859
Azerbaijan,AZE,2010,0.643
Azerbaijan,AZE,2011,0.647
Azerbaijan,AZE,2012,0.652
Azerbaijan,AZE,2013,0.66
Azerbaijan,AZE,2014,0.665
Azerbaijan,AZE,2015,0.694
Azerbaijan,AZE,2016,0.697
Azerbaijan,AZE,2017,0.701
Azerbaijan,AZE,2018,0.701
Azerbaijan,AZE,2019,0.707
Azerbaijan,AZE,2020,0.669
Azerbaijan,AZE,2021,0.687
Azerbaijan,AZE,2022,0.707
Bahamas,BHS,2013,0.647
Bahamas,BHS,2014,0.65
Bahamas,BHS,2015,0.649
Bahamas,BHS,2016,0.653
Bahamas,BHS,2017,0.655
Bahamas,BHS,2018,0.657
Bahamas,BHS,2019,0.636
Bahamas,BHS,2020,0.646
Bahamas,BHS,2021,0.647
Bahamas,BHS,2022,0.663
Bangladesh,BGD,2010,0.383
Bangladesh,BGD,2011,0.391
Bangladesh,BGD,2012,0.397
Bangladesh,BGD,2013,0.399
Bangladesh,BGD,2014,0.412
Bangladesh,BGD,2015,0.426
Bangladesh,BGD,2016,0.423
Bangladesh,BGD,2017,0.435
Bangladesh,BGD,2018,0.445
Bangladesh,BGD,2019,0.449
Bangladesh,BGD,2020,0.458
Bangladesh,BGD,2021,0.462
Bangladesh,BGD,2022,0.47
Barbados,BRB,2012,0.601
Barbados,BRB,2013,0.602
Barbados,BRB,2014,0.603
Barbados,BRB,2015,0.606
Barbados,BRB,2016,0.609
Barbados,BRB,2017,0.611
Barbados,BRB,2018,0.612
Barbados,BRB,2019,0.614
Barbados,BRB,2020,0.611
Barbados,BRB,2021,0.612
Barbados,BRB,2022,0.617
Belarus,BLR,2012,0.743
Belarus,BLR,2013,0.744
Belarus,BLR,2014,0.747
Belarus,BLR,2015,0.75
Belarus,BLR,2016,0.751
Belarus,BLR,2017,0.754
Belarus,BLR,2018,0.755
Belarus,BLR,2019,0.755
Belarus,BLR,2020,0.749
Belarus,BLR,2021,0.75
Belarus,BLR,2022,0.75
Belgium,BEL,2010,0.828
Belgium,BEL,2011,0.836
Belgium,BEL,2012,0.835
Belgium,BEL,2013,0.842
Belgium,BEL,2014,0.844
Belgium,BEL,2015,0.851
Belgium,BEL,2016,0.852
Belgium,BEL,2017,0.857
Belgium,BEL,2018,0.858
Belgium,BEL,2019,0.867
Belgium,BEL,2020,0.864
Belgium,BEL,2021,0.876
Belgium,BEL,2022,0.878
Benin,BEN,2019,0.308
Benin,BEN,2020,0.306
Benin,BEN,2021,0.308
Benin,BEN,2022,0.309
Bhutan,BTN,2010,0.376
Bhutan,BTN,2011,0.382
Bhutan,BTN,2012,0.394
Bhutan,BTN,2013,0.4
Bhutan,BTN,2014,0.408
Bhutan,BTN,2015,0.416
Bhutan,BTN,2016,0.423
Bhutan,BTN,2017,0.416
Bhutan,BTN,2018,0.423
Bhutan,BTN,2019,0.432
Bhutan,BTN,2020,0.437
Bhutan,BTN,2021,0.44
Bhutan,BTN,2022,0.465
Bolivia,BOL,2010,0.466
Bolivia,BOL,2011,0.491
Bolivia,BOL,2012,0.494
Bolivia,BOL,2013,0.504
Bolivia,BOL,2014,0.509
Bolivia,BOL,2015,0.521
Bolivia,BOL,2016,0.523
Bolivia,BOL,2017,0.533
Bolivia,BOL,2018,0.551
Bolivia,BOL,2019,0.562
Bolivia,BOL,2020,0.536
Bolivia,BOL,2021,0.551
Bolivia,BOL,2022,0.56
Bosnia and Herzegovina,BIH,2010,0.589
Bosnia and Herzegovina,BIH,2011,0.594
Bosnia and Herzegovina,BIH,2012,0.604
Bosnia and Herzegovina,BIH,2013,0.612
Bosnia and Herzegovina,BIH,2014,0.617
Bosnia and Herzegovina,BIH,2015,0.619
Bosnia and Herzegovina,BIH,2016,0.641
Bosnia and Herzegovina,BIH,2017,0.644
Bosnia and Herzegovina,BIH,2018,0.652
Bosnia and Herzegovina,BIH,2019,0.658
Bosnia and Herzegovina,BIH,2020,0.665
Bosnia and Herzegovina,BIH,2021,0.665
Bosnia and Herzegovina,BIH,2022,0.667
Botswana,BWA,2015,0.447
Botswana,BWA,2016,0.477
Botswana,BWA,2017,0.484
Botswana,BWA,2018,0.48
Botswana,BWA,2019,0.483
Botswana,BWA,2020,0.483
Botswana,BWA,2021,0.469
Botswana,BWA,2022,0.488
Brazil,BRA,2010,0.547
Brazil,BRA,2011,0.55
Brazil,BRA,2012,0.562
Brazil,BRA,2013,0.582
Brazil,BRA,2014,0.588
Brazil,BRA,2015,0.588
Brazil,BRA,2016,0.57
Brazil,BRA,2017,0.573
Brazil,BRA,2018,0.577
Brazil,BRA,2019,0.581
Brazil,BRA,2020,0.588
Brazil,BRA,2021,0.573
Brazil,BRA,2022,0.577
Brunei,BRN,2013,0.743
Brunei,BRN,2014,0.741
Brunei,BRN,2015,0.739
Brunei,BRN,2016,0.735
Brunei,BRN,2017,0.734
Brunei,BRN,2018,0.73
Brunei,BRN,2019,0.731
Brunei,BRN,2020,0.731
Brunei,BRN,2021,0.729
Brunei,BRN,2022,0.727
Bulgaria,BGR,2010,0.701
Bulgaria,BGR,2011,0.7
Bulgaria,BGR,2012,0.707
Bulgaria,BGR,2013,0.71
Bulgaria,BGR,2014,0.709
Bulgaria,BGR,2015,0.711
Bulgaria,BGR,2016,0.705
Bulgaria,BGR,2017,0.702
Bulgaria,BGR,2018,0.707
Bulgaria,BGR,2019,0.707
Bulgaria,BGR,2020,0.701
Bulgaria,BGR,2021,0.697
Bulgaria,BGR,2022,0.703
Burkina Faso,BFA,2010,0.225
Burkina Faso,BFA,2011,0.233
Burkina Faso,BFA,2012,0.24
Burkina Faso,BFA,2013,0.244
Burkina Faso,BFA,2014,0.255
Burkina Faso,BFA,2015,0.262
Burkina Faso,BFA,2016,0.269
Burkina Faso,BFA,2017,0.276
Burkina Faso,BFA,2018,0.284
Burkina Faso,BFA,2019,0.274
Burkina Faso,BFA,2020,0.275
Burkina Faso,BFA,2021,0.265
Burkina Faso,BFA,2022,0.261
Burundi,BDI,2010,0.256
Burundi,BDI,2011,0.26
Burundi,BDI,2012,0.27
Burundi,BDI,2013,0.274
Burundi,BDI,2014,0.269
Burundi,BDI,2015,0.271
Burundi,BDI,2016,0.27
Burundi,BDI,2017,0.27
Burundi,BDI,2018,0.27
Burundi,BDI,2019,0.272
Burundi,BDI,2020,0.271
Burundi,BDI,2021,0.272
Burundi,BDI,2022,0.273
Cambodia,KHM,2010,0.386
Cambodia,KHM,2011,0.397
Cambodia,KHM,2012,0.405
Cambodia,KHM,2013,0.409
Cambodia,KHM,2014,0.404
Cambodia,KHM,2015,0.409
Cambodia,KHM,2016,0.416
Cambodia,KHM,2017,0.424
Cambodia,KHM,2018,0.429
Cambodia,KHM,2019,0.436
Cambodia,KHM,2020,0.437
Cambodia,KHM,2021,0.436
Cambodia,KHM,2022,0.438
Cameroon,CMR,2011,0.322
Cameroon,CMR,2012,0.331
Cameroon,CMR,2013,0.338
Cameroon,CMR,2014,0.328
Cameroon,CMR,2015,0.335
Cameroon,CMR,2016,0.339
Cameroon,CMR,2017,0.345
Cameroon,CMR,2018,0.352
Cameroon,CMR,2019,0.357
Cameroon,CMR,2020,0.357
Cameroon,CMR,2021,0.356
Cameroon,CMR,2022,0.362
Canada,CAN,2010,0.832
Canada,CAN,2011,0.838
Canada,CAN,2012,0.841
Canada,CAN,2013,0.842
Canada,CAN,2014,0.848
Canada,CAN,2015,0.846
Canada,CAN,2016,0.851
Canada,CAN,2017,0.851
Canada,CAN,2018,0.855
Canada,CAN,2019,0.86
Canada,CAN,2020,0.857
Canada,CAN,2021,0.862
Canada,CAN,2022,0.864
Cape Verde,CPV,2015,0.463
Cape Verde,CPV,2016,0.469
Cape Verde,CPV,2017,0.473
Cape Verde,CPV,2018,0.471
Cape Verde,CPV,2019,0.474
Cape Verde,CPV,2020,0.462
Cape Verde,CPV,2021,0.463
Cape Verde,CPV,2022,0.471
Central African Republic,CAF,2010,0.184
Central African Republic,CAF,2011,0.189
Central African Republic,CAF,2012,0.194
Central African Republic,CAF,2013,0.184
Central African Republic,CAF,2014,0.185
Central African Republic,CAF,2015,0.194
Central African Republic,CAF,2016,0.198
Central African Republic,CAF,2017,0.202
Central African Republic,CAF,2018,0.206
Central African Republic,CAF,2019,0.21
Central African Republic,CAF,2020,0.21
Central African Republic,CAF,2021,0.236
Central African Republic,CAF,2022,0.237
Chad,TCD,2011,0.205
Chad,TCD,2012,0.21
Chad,TCD,2013,0.213
Chad,TCD,2014,0.216
Chad,TCD,2015,0.215
Chad,TCD,2016,0.216
Chad,TCD,2017,0.217
Chad,TCD,2018,0.22
Chad,TCD,2019,0.237
Chad,TCD,2020,0.237
Chad,TCD,2021,0.236
Chad,TCD,2022,0.238
Chile,CHL,2010,0.663
Chile,CHL,2011,0.673
Chile,CHL,2012,0.68
Chile,CHL,2013,0.696
Chile,CHL,2014,0.699
Chile,CHL,2015,0.71
Chile,CHL,2016,0.714
Chile,CHL,2017,0.714
Chile,CHL,2018,0.716
Chile,CHL,2019,0.718
Chile,CHL,2020,0.695
Chile,CHL,2021,0.701
Chile,CHL,2022,0.704
China,CHN,2013,0.594
China,CHN,2014,0.611
China,CHN,2015,0.614
China,CHN,2016,0.621
China,CHN,2017,0.627
China,CHN,2018,0.637
China,CHN,2019,0.648
China,CHN,2020,0.654
China,CHN,2021,0.659
China,CHN,2022,0.662
Colombia,COL,2010,0.537
Colombia,COL,2011,0.546
Colombia,COL,2012,0.552
Colombia,COL,2013,0.561
Colombia,COL,2014,0.567
Colombia,COL,2015,0.579
Colombia,COL,2016,0.585
Colombia,COL,2017,0.591
Colombia,COL,2018,0.592
Colombia,COL,2019,0.587
Colombia,COL,2020,0.567
Colombia,COL,2021,0.563
Colombia,COL,2022,0.568
Comoros,COM,2014,0.308
Comoros,COM,2015,0.312
Comoros,COM,2016,0.317
Comoros,COM,2017,0.322
Comoros,COM,2018,0.327
Comoros,COM,2019,0.331
Comoros,COM,2020,0.334
Comoros,COM,2021,0.333
Comoros,COM,2022,0.334
Congo,COG,2010,0.375
Congo,COG,2011,0.385
Congo,COG,2012,0.381
Congo,COG,2013,0.385
Congo,COG,2014,0.393
Congo,COG,2015,0.395
Congo,COG,2016,0.393
Congo,COG,2017,0.39
Congo,COG,2018,0.393
Congo,COG,2019,0.385
Congo,COG,2020,0.39
Congo,COG,2021,0.392
Congo,COG,2022,0.385
Costa Rica,CRI,2010,0.62
Costa Rica,CRI,2011,0.626
Costa Rica,CRI,2012,0.629
Costa Rica,CRI,2013,0.631
Costa Rica,CRI,2014,0.639
Costa Rica,CRI,2015,0.64
Costa Rica,CRI,2016,0.643
Costa Rica,CRI,2017,0.65
Costa Rica,CRI,2018,0.654
Costa Rica,CRI,2019,0.661
Costa Rica,CRI,2020,0.663
Costa Rica,CRI,2021,0.654
Costa Rica,CRI,2022,0.656
Cote d'Ivoire,CIV,2010,0.273
Cote d'Ivoire,CIV,2011,0.269
Cote d'Ivoire,CIV,2012,0.274
Cote d'Ivoire,CIV,2013,0.278
Cote d'Ivoire,CIV,2014,0.29
Cote d'Ivoire,CIV,2015,0.275
Cote d'Ivoire,CIV,2016,0.278
Cote d'Ivoire,CIV,2017,0.284
Cote d'Ivoire,CIV,2018,0.288
Cote d'Ivoire,CIV,2019,0.314
Cote d'Ivoire,CIV,2020,0.317
Cote d'Ivoire,CIV,2021,0.316
Cote d'Ivoire,CIV,2022,0.318
Croatia,HRV,2010,0.745
Croatia,HRV,2011,0.749
Croatia,HRV,2012,0.755
Croatia,HRV,2013,0.763
Croatia,HRV,2014,0.768
Croatia,HRV,2015,0.77
Croatia,HRV,2016,0.779
Croatia,HRV,2017,0.784
Croatia,HRV,2018,0.79
Croatia,HRV,2019,0.799
Croatia,HRV,2020,0.797
Croatia,HRV,2021,0.802
Croatia,HRV,2022,0.817
Cyprus,CYP,2010,0.76
Cyprus,CYP,2011,0.765
Cyprus,CYP,2012,0.765
Cyprus,CYP,2013,0.764
Cyprus,CYP,2014,0.761
Cyprus,CYP,2015,0.775
Cyprus,CYP,2016,0.785
Cyprus,CYP,2017,0.8
Cyprus,CYP,2018,0.81
Cyprus,CYP,2019,0.812
Cyprus,CYP,2020,0.818
Cyprus,CYP,2021,0.818
Cyprus,CYP,2022,0.827
Czechia,CZE,2010,0.827
Czechia,CZE,2011,0.828
Czechia,CZE,2012,0.83
Czechia,CZE,2013,0.836
Czechia,CZE,2014,0.841
Czechia,CZE,2015,0.843
Czechia,CZE,2016,0.845
Czechia,CZE,2017,0.85
Czechia,CZE,2018,0.849
Czechia,CZE,2019,0.851
Czechia,CZE,2020,0.847
Czechia,CZE,2021,0.844
Czechia,CZE,2022,0.848
Democratic Republic of Congo,COD,2010,0.263
Democratic Republic of Congo,COD,2011,0.269
Democratic Republic of Congo,COD,2012,0.272
Democratic Republic of Congo,COD,2013,0.277
Democratic Republic of Congo,COD,2014,0.284
Democratic Republic of Congo,COD,2015,0.29
Democratic Republic of Congo,COD,2016,0.297
Democratic Republic of Congo,COD,2017,0.301
Democratic Republic of Congo,COD,2018,0.305
Democratic Republic of Congo,COD,2019,0.308
Democratic Republic of Congo,COD,2020,0.309
Democratic Republic of Congo,COD,2021,0.309
Democratic Republic of Congo,COD,2022,0.315
Denmark,DNK,2014,0.876
Denmark,DNK,2015,0.881
Denmark,DNK,2016,0.887
Denmark,DNK,2017,0.887
Denmark,DNK,2018,0.885
Denmark,DNK,2019,0.891
Denmark,DNK,2020,0.891
Denmark,DNK,2021,0.895
Denmark,DNK,2022,0.898
Djibouti,DJI,2012,0.278
Djibouti,DJI,2013,0.288
Djibouti,DJI,2014,0.295
Djibouti,DJI,2015,0.302
Djibouti,DJI,2016,0.308
Djibouti,DJI,2017,0.321
Djibouti,DJI,2018,0.327
Djibouti,DJI,2019,0.333
Djibouti,DJI,2020,0.337
Djibouti,DJI,2021,0.338
Djibouti,DJI,2022,0.341
Dominican Republic,DOM,2010,0.537
Dominican Republic,DOM,2011,0.541
Dominican Republic,DOM,2012,0.552
Dominican Republic,DOM,2013,0.55
Dominican Republic,DOM,2014,0.564
Dominican Republic,DOM,2015,0.573
Dominican Republic,DOM,2016,0.601
Dominican Republic,DOM,2017,0.605
Dominican Republic,DOM,2018,0.605
Dominican Republic,DOM,2019,0.611
Dominican Republic,DOM,2020,0.616
Dominican Republic,DOM,2021,0.616
Dominican Republic,DOM,2022,0.627
East Asia and the Pacific (UNDP),,2010,0.564
East Asia and the Pacific (UNDP),,2011,0.566
East Asia and the Pacific (UNDP),,2012,0.575
East Asia and the Pacific (UNDP),,2013,0.581
East Asia and the Pacific (UNDP),,2014,0.595
East Asia and the Pacific (UNDP),,2015,0.599
East Asia and the Pacific (UNDP),,2016,0.605
East Asia and the Pacific (UNDP),,2017,0.611
East Asia and the Pacific (UNDP),,2018,0.62
East Asia and the Pacific (UNDP),,2019,0.629
East Asia and the Pacific (UNDP),,2020,0.633
East Asia and the Pacific (UNDP),,2021,0.636
East Asia and the Pacific (UNDP),,2022,0.64
East Timor,TLS,2010,0.44
East Timor,TLS,2011,0.448
East Timor,TLS,2012,0.446
East Timor,TLS,2013,0.444
East Timor,TLS,2014,0.438
East Timor,TLS,2015,0.432
East Timor,TLS,2016,0.433
East Timor,TLS,2017,0.437
East Timor,TLS,2018,0.439
East Timor,TLS,2019,0.448
East Timor,TLS,2020,0.454
East Timor,TLS,2021,0.412
East Timor,TLS,2022,0.407
Ecuador,ECU,2010,0.575
Ecuador,ECU,2011,0.595
Ecuador,ECU,2012,0.598
Ecuador,ECU,2013,0.606
Ecuador,ECU,2014,0.62
Ecuador,ECU,2015,0.622
Ecuador,ECU,2016,0.623
Ecuador,ECU,2017,0.626
Ecuador,ECU,2018,0.622
Ecuador,ECU,2019,0.621
Ecuador,ECU,2020,0.6
Ecuador,ECU,2021,0.614
Ecuador,ECU,2022,0.63
Egypt,EGY,2010,0.497
Egypt,EGY,2011,0.503
Egypt,EGY,2012,0.518
Egypt,EGY,2013,0.525
Egypt,EGY,2014,0.532
Egypt,EGY,2015,0.528
Egypt,EGY,2016,0.534
Egypt,EGY,2017,0.541
Egypt,EGY,2018,0.55
Egypt,EGY,2019,0.556
Egypt,EGY,2020,0.561
Egypt,EGY,2021,0.56
Egypt,EGY,2022,0.561
El Salvador,SLV,2010,0.498
El Salvador,SLV,2011,0.501
El Salvador,SLV,2012,0.511
El Salvador,SLV,2013,0.512
El Salvador,SLV,2014,0.519
El Salvador,SLV,2015,0.522
El Salvador,SLV,2016,0.523
El Salvador,SLV,2017,0.532
El Salvador,SLV,2018,0.539
El Salvador,SLV,2019,0.544
El Salvador,SLV,2020,0.532
El Salvador,SLV,2021,0.543
El Salvador,SLV,2022,0.548
Estonia,EST,2010,0.797
Estonia,EST,2011,0.802
Estonia,EST,2012,0.804
Estonia,EST,2013,0.811
Estonia,EST,2014,0.799
Estonia,EST,2015,0.802
Estonia,EST,2016,0.804
Estonia,EST,2017,0.821
Estonia,EST,2018,0.828
Estonia,EST,2019,0.833
Estonia,EST,2020,0.83
Estonia,EST,2021,0.829
Estonia,EST,2022,0.835
Eswatini,SWZ,2010,0.295
Eswatini,SWZ,2011,0.308
Eswatini,SWZ,2012,0.32
Eswatini,SWZ,2013,0.331
Eswatini,SWZ,2014,0.343
Eswatini,SWZ,2015,0.356
Eswatini,SWZ,2016,0.365
Eswatini,SWZ,2017,0.363
Eswatini,SWZ,2018,0.373
Eswatini,SWZ,2019,0.381
Eswatini,SWZ,2020,0.381
Eswatini,SWZ,2021,0.374
Eswatini,SWZ,2022,0.372
Ethiopia,ETH,2011,0.264
Ethiopia,ETH,2012,0.27
Ethiopia,ETH,2013,0.277
Ethiopia,ETH,2014,0.284
Ethiopia,ETH,2015,0.292
Ethiopia,ETH,2016,0.297
Ethiopia,ETH,2017,0.303
Ethiopia,ETH,2018,0.309
Ethiopia,ETH,2019,0.316
Ethiopia,ETH,2020,0.319
Ethiopia,ETH,2021,0.32
Ethiopia,ETH,2022,0.324
Europe and Central Asia (UNDP),,2010,0.639
Europe and Central Asia (UNDP),,2011,0.65
Europe and Central Asia (UNDP),,2012,0.66
Europe and Central Asia (UNDP),,2013,0.672
Europe and Central Asia (UNDP),,2014,0.68
Europe and Central Asia (UNDP),,2015,0.684
Europe and Central Asia (UNDP),,2016,0.69
Europe and Central Asia (UNDP),,2017,0.696
Europe and Central Asia (UNDP),,2018,0.701
Europe and Central Asia (UNDP),,2019,0.707
Europe and Central Asia (UNDP),,2020,0.699
Europe and Central Asia (UNDP),,2021,0.705
Europe and Central Asia (UNDP),,2022,0.708
Fiji,FJI,2021,0.614
Fiji,FJI,2022,0.632
Finland,FIN,2010,0.856
Finland,FIN,2011,0.861
Finland,FIN,2012,0.861
Finland,FIN,2013,0.872
Finland,FIN,2014,0.874
Finland,FIN,2015,0.878
Finland,FIN,2016,0.879
Finland,FIN,2017,0.881
Finland,FIN,2018,0.882
Finland,FIN,2019,0.885
Finland,FIN,2020,0.884
Finland,FIN,2021,0.889
Finland,FIN,2022,0.886
France,FRA,2010,0.789
France,FRA,2011,0.795
France,FRA,2012,0.798
France,FRA,2013,0.806
France,FRA,2014,0.806
France,FRA,2015,0.808
France,FRA,2016,0.811
France,FRA,2017,0.809
France,FRA,2018,0.809
France,FRA,2019,0.81
France,FRA,2020,0.811
France,FRA,2021,0.82
France,FRA,2022,0.82
Gabon,GAB,2012,0.485
Gabon,GAB,2013,0.491
Gabon,GAB,2014,0.499
Gabon,GAB,2015,0.504
Gabon,GAB,2016,0.509
Gabon,GAB,2017,0.52
Gabon,GAB,2018,0.521
Gabon,GAB,2019,0.53
Gabon,GAB,2020,0.533
Gabon,GAB,2021,0.521
Gabon,GAB,2022,0.526
Gambia,GMB,2011,0.263
Gambia,GMB,2012,0.268
Gambia,GMB,2013,0.269
Gambia,GMB,2014,0.271
Gambia,GMB,2015,0.275
Gambia,GMB,2016,0.292
Gambia,GMB,2017,0.295
Gambia,GMB,2018,0.303
Gambia,GMB,2019,0.311
Gambia,GMB,2020,0.312
Gambia,GMB,2021,0.306
Gambia,GMB,2022,0.311
Georgia,GEO,2010,0.642
Georgia,GEO,2011,0.644
Georgia,GEO,2012,0.669
Georgia,GEO,2013,0.681
Georgia,GEO,2014,0.688
Georgia,GEO,2015,0.698
Georgia,GEO,2016,0.701
Georgia,GEO,2017,0.694
Georgia,GEO,2018,0.717
Georgia,GEO,2019,0.715
Georgia,GEO,2020,0.717
Georgia,GEO,2021,0.723
Georgia,GEO,2022,0.728
Germany,DEU,2010,0.864
Germany,DEU,2011,0.87
Germany,DEU,2012,0.871
Germany,DEU,2013,0.87
Germany,DEU,2014,0.872
Germany,DEU,2015,0.872
Germany,DEU,2016,0.87
Germany,DEU,2017,0.874
Germany,DEU,2018,0.872
Germany,DEU,2019,0.879
Germany,DEU,2020,0.874
Germany,DEU,2021,0.872
Germany,DEU,2022,0.881
Ghana,GHA,2010,0.341
Ghana,GHA,2011,0.355
Ghana,GHA,2012,0.359
Ghana,GHA,2013,0.367
Ghana,GHA,2014,0.369
Ghana,GHA,2015,0.372
Ghana,GHA,2016,0.373
Ghana,GHA,2017,0.363
Ghana,GHA,2018,0.366
Ghana,GHA,2019,0.374
Ghana,GHA,2020,0.375
Ghana,GHA,2021,0.376
Ghana,GHA,2022,0.378
Greece,GRC,2010,0.764
Greece,GRC,2011,0.761
Greece,GRC,2012,0.762
Greece,GRC,2013,0.765
Greece,GRC,2014,0.765
Greece,GRC,2015,0.768
Greece,GRC,2016,0.766
Greece,GRC,2017,0.773
Greece,GRC,2018,0.788
Greece,GRC,2019,0.795
Greece,GRC,2020,0.79
Greece,GRC,2021,0.787
Greece,GRC,2022,0.801
Guatemala,GTM,2011,0.428
Guatemala,GTM,2012,0.431
Guatemala,GTM,2013,0.434
Guatemala,GTM,2014,0.46
Guatemala,GTM,2015,0.449
Guatemala,GTM,2016,0.453
Guatemala,GTM,2017,0.456
Guatemala,GTM,2018,0.459
Guatemala,GTM,2019,0.464
Guatemala,GTM,2020,0.46
Guatemala,GTM,2021,0.455
Guatemala,GTM,2022,0.453
Guinea,GIN,2010,0.243
Guinea,GIN,2011,0.247
Guinea,GIN,2012,0.249
Guinea,GIN,2013,0.252
Guinea,GIN,2014,0.256
Guinea,GIN,2015,0.265
Guinea,GIN,2016,0.271
Guinea,GIN,2017,0.272
Guinea,GIN,2018,0.272
Guinea,GIN,2019,0.282
Guinea,GIN,2020,0.284
Guinea,GIN,2021,0.283
Guinea,GIN,2022,0.285
Guinea-Bissau,GNB,2010,0.243
Guinea-Bissau,GNB,2011,0.25
Guinea-Bissau,GNB,2012,0.253
Guinea-Bissau,GNB,2013,0.257
Guinea-Bissau,GNB,2014,0.259
Guinea-Bissau,GNB,2015,0.263
Guinea-Bissau,GNB,2016,0.267
Guinea-Bissau,GNB,2017,0.27
Guinea-Bissau,GNB,2018,0.271
Guinea-Bissau,GNB,2019,0.311
Guinea-Bissau,GNB,2020,0.309
Guinea-Bissau,GNB,2021,0.309
Guinea-Bissau,GNB,2022,0.31
Haiti,HTI,2012,0.315
Haiti,HTI,2013,0.319
Haiti,HTI,2014,0.323
Haiti,HTI,2015,0.326
Haiti,HTI,2016,0.33
Haiti,HTI,2017,0.334
Haiti,HTI,2018,0.336
Haiti,HTI,2019,0.337
Haiti,HTI,2020,0.336
Haiti,HTI,2021,0.333
Haiti,HTI,2022,0.335
High human development (UNDP),,2010,0.551
High human development (UNDP),,2011,0.557
High human development (UNDP),,2012,0.568
High human development (UNDP),,2013,0.584
High human development (UNDP),,2014,0.595
High human development (UNDP),,2015,0.598
High human development (UNDP),,2016,0.602
High human development (UNDP),,2017,0.607
High human development (UNDP),,2018,0.615
High human development (UNDP),,2019,0.622
High human development (UNDP),,2020,0.623
High human development (UNDP),,2021,0.624
High human development (UNDP),,2022,0.628
Honduras,HND,2010,0.442
Honduras,HND,2011,0.433
Honduras,HND,2012,0.435
Honduras,HND,2013,0.451
Honduras,HND,2014,0.463
Honduras,HND,2015,0.473
Honduras,HND,2016,0.474
Honduras,HND,2017,0.473
Honduras,HND,2018,0.474
Honduras,HND,2019,0.483
Honduras,HND,2020,0.477
Honduras,HND,2021,0.476
Honduras,HND,2022,0.48
Hong Kong,HKG,2010,0.793
Hong Kong,HKG,2011,0.8
Hong Kong,HKG,2012,0.803
Hong Kong,HKG,2013,0.806
Hong Kong,HKG,2014,0.814
Hong Kong,HKG,2015,0.818
Hong Kong,HKG,2016,0.821
Hong Kong,HKG,2017,0.829
Hong Kong,HKG,2018,0.832
Hong Kong,HKG,2019,0.836
Hong Kong,HKG,2020,0.838
Hong Kong,HKG,2021,0.841
Hong Kong,HKG,2022,0.84
Hungary,HUN,2010,0.766
Hungary,HUN,2011,0.77
Hungary,HUN,2012,0.766
Hungary,HUN,2013,0.774
Hungary,HUN,2014,0.773
Hungary,HUN,2015,0.783
Hungary,HUN,2016,0.786
Hungary,HUN,2017,0.788
Hungary,HUN,2018,0.794
Hungary,HUN,2019,0.8
Hungary,HUN,2020,0.796
Hungary,HUN,2021,0.794
Hungary,HUN,2022,0.8
Iceland,ISL,2010,0.866
Iceland,ISL,2011,0.882
Iceland,ISL,2012,0.884
Iceland,ISL,2013,0.887
Iceland,ISL,2014,0.896
Iceland,ISL,2015,0.892
Iceland,ISL,2016,0.899
Iceland,ISL,2017,0.9
Iceland,ISL,2018,0.909
Iceland,ISL,2019,0.909
Iceland,ISL,2020,0.907
Iceland,ISL,2021,0.908
Iceland,ISL,2022,0.91
India,IND,2010,0.369
India,IND,2011,0.38
India,IND,2012,0.384
India,IND,2013,0.39
India,IND,2014,0.398
India,IND,2015,0.414
India,IND,2016,0.425
India,IND,2017,0.43
India,IND,2018,0.428
India,IND,2019,0.436
India,IND,2020,0.435
India,IND,2021,0.433
India,IND,2022,0.444
Indonesia,IDN,2011,0.534
Indonesia,IDN,2012,0.541
Indonesia,IDN,2013,0.545
Indonesia,IDN,2014,0.552
Indonesia,IDN,2015,0.558
Indonesia,IDN,2016,0.568
Indonesia,IDN,2017,0.571
Indonesia,IDN,2018,0.578
Indonesia,IDN,2019,0.586
Indonesia,IDN,2020,0.586
Indonesia,IDN,2021,0.582
Indonesia,IDN,2022,0.588
Iran,IRN,2010,0.54
Iran,IRN,2011,0.549
Iran,IRN,2012,0.563
Iran,IRN,2013,0.57
Iran,IRN,2014,0.587
Iran,IRN,2015,0.583
Iran,IRN,2016,0.588
Iran,IRN,2017,0.589
Iran,IRN,2018,0.588
Iran,IRN,2019,0.584
Iran,IRN,2020,0.58
Iran,IRN,2021,0.58
Iran,IRN,2022,0.584
Iraq,IRQ,2011,0.477
Iraq,IRQ,2012,0.484
Iraq,IRQ,2013,0.487
Iraq,IRQ,2014,0.491
Iraq,IRQ,2015,0.496
Iraq,IRQ,2016,0.499
Iraq,IRQ,2017,0.505
Iraq,IRQ,2018,0.514
Iraq,IRQ,2019,0.518
Iraq,IRQ,2020,0.506
Iraq,IRQ,2021,0.511
Iraq,IRQ,2022,0.519
Ireland,IRL,2010,0.829
Ireland,IRL,2011,0.826
Ireland,IRL,2012,0.826
Ireland,IRL,2013,0.833
Ireland,IRL,2014,0.841
Ireland,IRL,2015,0.853
Ireland,IRL,2016,0.858
Ireland,IRL,2017,0.861
Ireland,IRL,2018,0.87
Ireland,IRL,2019,0.877
Ireland,IRL,2020,0.881
Ireland,IRL,2021,0.887
Ireland,IRL,2022,0.886
Israel,ISR,2010,0.763
Israel,ISR,2011,0.769
Israel,ISR,2012,0.769
Israel,ISR,2013,0.784
Israel,ISR,2014,0.787
Israel,ISR,2015,0.788
Israel,ISR,2016,0.794
Israel,ISR,2017,0.799
Israel,ISR,2018,0.802
Israel,ISR,2019,0.803
Israel,ISR,2020,0.801
Israel,ISR,2021,0.805
Israel,ISR,2022,0.808
Italy,ITA,2010,0.77
Italy,ITA,2011,0.769
Italy,ITA,2012,0.771
Italy,ITA,2013,0.774
Italy,ITA,2014,0.765
Italy,ITA,2015,0.767
Italy,ITA,2016,0.766
Italy,ITA,2017,0.775
Italy,ITA,2018,0.779
Italy,ITA,2019,0.788
Italy,ITA,2020,0.786
Italy,ITA,2021,0.792
Italy,ITA,2022,0.802
Jamaica,JAM,2011,0.585
Jamaica,JAM,2012,0.588
Jamaica,JAM,2013,0.576
Jamaica,JAM,2014,0.591
Jamaica,JAM,2015,0.588
Jamaica,JAM,2016,0.588
Jamaica,JAM,2017,0.589
Jamaica,JAM,2018,0.588
Jamaica,JAM,2019,0.589
Jamaica,JAM,2020,0.585
Jamaica,JAM,2021,0.582
Jamaica,JAM,2022,0.584
Japan,JPN,2010,0.818
Japan,JPN,2011,0.83
Japan,JPN,2012,0.834
Japan,JPN,2013,0.837
Japan,JPN,2014,0.834
Japan,JPN,2015,0.836
Japan,JPN,2016,0.837
Japan,JPN,2017,0.839
Japan,JPN,2018,0.84
Japan,JPN,2019,0.841
Japan,JPN,2020,0.841
Japan,JPN,2021,0.843
Japan,JPN,2022,0.844
Jordan,JOR,2010,0.582
Jordan,JOR,2011,0.581
Jordan,JOR,2012,0.601
Jordan,JOR,2013,0.603
Jordan,JOR,2014,0.608
Jordan,JOR,2015,0.609
Jordan,JOR,2016,0.611
Jordan,JOR,2017,0.619
Jordan,JOR,2018,0.618
Jordan,JOR,2019,0.621
Jordan,JOR,2020,0.617
Jordan,JOR,2021,0.614
Jordan,JOR,2022,0.615
Kazakhstan,KAZ,2010,0.679
Kazakhstan,KAZ,2011,0.689
Kazakhstan,KAZ,2012,0.698
Kazakhstan,KAZ,2013,0.709
Kazakhstan,KAZ,2014,0.715
Kazakhstan,KAZ,2015,0.729
Kazakhstan,KAZ,2016,0.728
Kazakhstan,KAZ,2017,0.733
Kazakhstan,KAZ,2018,0.735
Kazakhstan,KAZ,2019,0.74
Kazakhstan,KAZ,2020,0.737
Kazakhstan,KAZ,2021,0.733
Kazakhstan,KAZ,2022,0.734
Kenya,KEN,2010,0.35
Kenya,KEN,2011,0.356
Kenya,KEN,2012,0.359
Kenya,KEN,2013,0.363
Kenya,KEN,2014,0.374
Kenya,KEN,2015,0.379
Kenya,KEN,2016,0.408
Kenya,KEN,2017,0.413
Kenya,KEN,2018,0.418
Kenya,KEN,2019,0.423
Kenya,KEN,2020,0.433
Kenya,KEN,2021,0.427
Kenya,KEN,2022,0.438
Kiribati,KIR,2018,0.509
Kiribati,KIR,2019,0.516
Kiribati,KIR,2020,0.527
Kiribati,KIR,2021,0.526
Kiribati,KIR,2022,0.528
Kyrgyzstan,KGZ,2010,0.573
Kyrgyzstan,KGZ,2011,0.581
Kyrgyzstan,KGZ,2012,0.594
Kyrgyzstan,KGZ,2013,0.6
Kyrgyzstan,KGZ,2014,0.611
Kyrgyzstan,KGZ,2015,0.611
Kyrgyzstan,KGZ,2016,0.618
Kyrgyzstan,KGZ,2017,0.621
Kyrgyzstan,KGZ,2018,0.629
Kyrgyzstan,KGZ,2019,0.627
Kyrgyzstan,KGZ,2020,0.622
Kyrgyzstan,KGZ,2021,0.627
Kyrgyzstan,KGZ,2022,0.634
Laos,LAO,2010,0.407
Laos,LAO,2011,0.411
Laos,LAO,2012,0.419
Laos,LAO,2013,0.426
Laos,LAO,2014,0.436
Laos,LAO,2015,0.442
Laos,LAO,2016,0.448
Laos,LAO,2017,0.457
Laos,LAO,2018,0.459
Laos,LAO,2019,0.458
Laos,LAO,2020,0.459
Laos,LAO,2021,0.46
Laos,LAO,2022,0.466
Latin America and the Caribbean (UNDP),,2010,0.564
Latin America and the Caribbean (UNDP),,2011,0.571
Latin America and the Caribbean (UNDP),,2012,0.578
Latin America and the Caribbean (UNDP),,2013,0.587
Latin America and the Caribbean (UNDP),,2014,0.593
Latin America and the Caribbean (UNDP),,2015,0.597
Latin America and the Caribbean (UNDP),,2016,0.595
Latin America and the Caribbean (UNDP),,2017,0.598
Latin America and the Caribbean (UNDP),,2018,0.603
Latin America and the Caribbean (UNDP),,2019,0.605
Latin America and the Caribbean (UNDP),,2020,0.598
Latin America and the Caribbean (UNDP),,2021,0.595
Latin America and the Caribbean (UNDP),,2022,0.605
Latvia,LVA,2010,0.739
Latvia,LVA,2011,0.746
Latvia,LVA,2012,0.751
Latvia,LVA,2013,0.762
Latvia,LVA,2014,0.766
Latvia,LVA,2015,0.771
Latvia,LVA,2016,0.779
Latvia,LVA,2017,0.784
Latvia,LVA,2018,0.786
Latvia,LVA,2019,0.793
Latvia,LVA,2020,0.796
Latvia,LVA,2021,0.786
Latvia,LVA,2022,0.802
Lesotho,LSO,2010,0.267
Lesotho,LSO,2011,0.272
Lesotho,LSO,2012,0.278
Lesotho,LSO,2013,0.281
Lesotho,LSO,2014,0.287
Lesotho,LSO,2015,0.291
Lesotho,LSO,2016,0.298
Lesotho,LSO,2017,0.3
Lesotho,LSO,2018,0.334
Lesotho,LSO,2019,0.336
Lesotho,LSO,2020,0.338
Lesotho,LSO,2021,0.334
Lesotho,LSO,2022,0.332
Liberia,LBR,2013,0.29
Liberia,LBR,2014,0.295
Liberia,LBR,2015,0.296
Liberia,LBR,2016,0.298
Liberia,LBR,2017,0.301
Liberia,LBR,2018,0.304
Liberia,LBR,2019,0.306
Liberia,LBR,2020,0.306
Liberia,LBR,2021,0.308
Liberia,LBR,2022,0.31
Lithuania,LTU,2010,0.746
Lithuania,LTU,2011,0.765
Lithuania,LTU,2012,0.774
Lithuania,LTU,2013,0.771
Lithuania,LTU,2014,0.778
Lithuania,LTU,2015,0.771
Lithuania,LTU,2016,0.777
Lithuania,LTU,2017,0.784
Lithuania,LTU,2018,0.792
Lithuania,LTU,2019,0.8
Lithuania,LTU,2020,0.8
Lithuania,LTU,2021,0.794
Lithuania,LTU,2022,0.795
Low human development (UNDP),,2010,0.294
Low human development (UNDP),,2011,0.302
Low human development (UNDP),,2012,0.307
Low human development (UNDP),,2013,0.313
Low human development (UNDP),,2014,0.319
Low human development (UNDP),,2015,0.322
Low human development (UNDP),,2016,0.327
Low human development (UNDP),,2017,0.33
Low human development (UNDP),,2018,0.332
Low human development (UNDP),,2019,0.337
Low human development (UNDP),,2020,0.338
Low human development (UNDP),,2021,0.339
Low human development (UNDP),,2022,0.341
Luxembourg,LUX,2010,0.831
Luxembourg,LUX,2011,0.836
Luxembourg,LUX,2012,0.84
Luxembourg,LUX,2013,0.843
Luxembourg,LUX,2014,0.84
Luxembourg,LUX,2015,0.83
Luxembourg,LUX,2016,0.831
Luxembourg,LUX,2017,0.834
Luxembourg,LUX,2018,0.833
Luxembourg,LUX,2019,0.837
Luxembourg,LUX,2020,0.838
Luxembourg,LUX,2021,0.844
Luxembourg,LUX,2022,0.839
Madagascar,MDG,2010,0.319
Madagascar,MDG,2011,0.321
Madagascar,MDG,2012,0.323
Madagascar,MDG,2013,0.323
Madagascar,MDG,2014,0.325
Madagascar,MDG,2015,0.327
Madagascar,MDG,2016,0.329
Madagascar,MDG,2017,0.331
Madagascar,MDG,2018,0.333
Madagascar,MDG,2019,0.331
Madagascar,MDG,2020,0.324
Madagascar,MDG,2021,0.324
Madagascar,MDG,2022,0.328
Malawi,MWI,2010,0.303
Malawi,MWI,2011,0.298
Malawi,MWI,2012,0.305
Malawi,MWI,2013,0.316
Malawi,MWI,2014,0.324
Malawi,MWI,2015,0.328
Malawi,MWI,2016,0.333
Malawi,MWI,2017,0.342
Malawi,MWI,2018,0.345
Malawi,MWI,2019,0.351
Malawi,MWI,2020,0.361
Malawi,MWI,2021,0.359
Malawi,MWI,2022,0.359
Malaysia,MYS,2010,0.633
Malaysia,MYS,2011,0.636
Malaysia,MYS,2012,0.647
Malaysia,MYS,2013,0.651
Malaysia,MYS,2014,0.665
Malaysia,MYS,2015,0.669
Malaysia,MYS,2016,0.681
Malaysia,MYS,2017,0.683
Malaysia,MYS,2018,0.685
Malaysia,MYS,2019,0.688
Malaysia,MYS,2020,0.686
Malaysia,MYS,2021,0.683
Malaysia,MYS,2022,0.692
Maldives,MDV,2010,0.477
Maldives,MDV,2011,0.484
Maldives,MDV,2012,0.49
Maldives,MDV,2013,0.495
Maldives,MDV,2014,0.501
Maldives,MDV,2015,0.506
Maldives,MDV,2016,0.566
Maldives,MDV,2017,0.572
Maldives,MDV,2018,0.577
Maldives,MDV,2019,0.583
Maldives,MDV,2020,0.578
Maldives,MDV,2021,0.591
Maldives,MDV,2022,0.597
Mali,MLI,2011,0.233
Mali,MLI,2012,0.246
Mali,MLI,2013,0.25
Mali,MLI,2014,0.26
Mali,MLI,2015,0.271
Mali,MLI,2016,0.272
Mali,MLI,2017,0.274
Mali,MLI,2018,0.276
Mali,MLI,2019,0.282
Mali,MLI,2020,0.271
Mali,MLI,2021,0.275
Mali,MLI,2022,0.277
Malta,MLT,2010,0.785
Malta,MLT,2011,0.783
Malta,MLT,2012,0.791
Malta,MLT,2013,0.798
Malta,MLT,2014,0.81
Malta,MLT,2015,0.813
Malta,MLT,2016,0.808
Malta,MLT,2017,0.822
Malta,MLT,2018,0.83
Malta,MLT,2019,0.834
Malta,MLT,2020,0.829
Malta,MLT,2021,0.837
Malta,MLT,2022,0.837
Marshall Islands,MHL,2020,0.615
Marshall Islands,MHL,2021,0.618
Marshall Islands,MHL,2022,0.62
Mauritania,MRT,2010,0.317
Mauritania,MRT,2011,0.324
Mauritania,MRT,2012,0.33
Mauritania,MRT,2013,0.336
Mauritania,MRT,2014,0.344
Mauritania,MRT,2015,0.345
Mauritania,MRT,2016,0.343
Mauritania,MRT,2017,0.346
Mauritania,MRT,2018,0.353
Mauritania,MRT,2019,0.355
Mauritania,MRT,2020,0.348
Mauritania,MRT,2021,0.348
Mauritania,MRT,2022,0.351
Mauritius,MUS,2011,0.604
Mauritius,MUS,2012,0.604
Mauritius,MUS,2013,0.608
Mauritius,MUS,2014,0.616
Mauritius,MUS,2015,0.618
Mauritius,MUS,2016,0.62
Mauritius,MUS,2017,0.627
Mauritius,MUS,2018,0.629
Mauritius,MUS,2019,0.633
Mauritius,MUS,2020,0.62
Mauritius,MUS,2021,0.618
Mauritius,MUS,2022,0.625
Medium human development (UNDP),,2010,0.377
Medium human development (UNDP),,2011,0.388
Medium human development (UNDP),,2012,0.392
Medium human development (UNDP),,2013,0.397
Medium human development (UNDP),,2014,0.405
Medium human development (UNDP),,2015,0.419
Medium human development (UNDP),,2016,0.427
Medium human development (UNDP),,2017,0.433
Medium human development (UNDP),,2018,0.434
Medium human development (UNDP),,2019,0.44
Medium human development (UNDP),,2020,0.439
Medium human development (UNDP),,2021,0.438
Medium human development (UNDP),,2022,0.447
Mexico,MEX,2010,0.575
Mexico,MEX,2011,0.58
Mexico,MEX,2012,0.584
Mexico,MEX,2013,0.586
Mexico,MEX,2014,0.593
Mexico,MEX,2015,0.597
Mexico,MEX,2016,0.609
Mexico,MEX,2017,0.611
Mexico,MEX,2018,0.625
Mexico,MEX,2019,0.627
Mexico,MEX,2020,0.613
Mexico,MEX,2021,0.613
Mexico,MEX,2022,0.641
Moldova,MDA,2010,0.637
Moldova,MDA,2011,0.643
Moldova,MDA,2012,0.649
Moldova,MDA,2013,0.655
Moldova,MDA,2014,0.68
Moldova,MDA,2015,0.68
Moldova,MDA,2016,0.688
Moldova,MDA,2017,0.697
Moldova,MDA,2018,0.702
Moldova,MDA,2019,0.706
Moldova,MDA,2020,0.699
Moldova,MDA,2021,0.702
Moldova,MDA,2022,0.698
Mongolia,MNG,2010,0.592
Mongolia,MNG,2011,0.602
Mongolia,MNG,2012,0.612
Mongolia,MNG,2013,0.621
Mongolia,MNG,2014,0.629
Mongolia,MNG,2015,0.634
Mongolia,MNG,2016,0.637
Mongolia,MNG,2017,0.638
Mongolia,MNG,2018,0.649
Mongolia,MNG,2019,0.646
Mongolia,MNG,2020,0.638
Mongolia,MNG,2021,0.631
Mongolia,MNG,2022,0.645
Montenegro,MNE,2010,0.707
Montenegro,MNE,2011,0.707
Montenegro,MNE,2012,0.709
Montenegro,MNE,2013,0.715
Montenegro,MNE,2014,0.724
Montenegro,MNE,2015,0.732
Montenegro,MNE,2016,0.729
Montenegro,MNE,2017,0.733
Montenegro,MNE,2018,0.737
Montenegro,MNE,2019,0.745
Montenegro,MNE,2020,0.744
Montenegro,MNE,2021,0.753
Montenegro,MNE,2022,0.756
Morocco,MAR,2010,0.418
Morocco,MAR,2011,0.427
Morocco,MAR,2012,0.435
Morocco,MAR,2013,0.444
Morocco,MAR,2014,0.453
Morocco,MAR,2015,0.461
Morocco,MAR,2016,0.467
Morocco,MAR,2017,0.474
Morocco,MAR,2018,0.49
Morocco,MAR,2019,0.496
Morocco,MAR,2020,0.495
Morocco,MAR,2021,0.5
Morocco,MAR,2022,0.508
Mozambique,MOZ,2011,0.246
Mozambique,MOZ,2012,0.252
Mozambique,MOZ,2013,0.261
Mozambique,MOZ,2014,0.266
Mozambique,MOZ,2015,0.254
Mozambique,MOZ,2016,0.257
Mozambique,MOZ,2017,0.258
Mozambique,MOZ,2018,0.264
Mozambique,MOZ,2019,0.269
Mozambique,MOZ,2020,0.273
Mozambique,MOZ,2021,0.269
Mozambique,MOZ,2022,0.27
Myanmar,MMR,2015,0.419
Myanmar,MMR,2016,0.428
Myanmar,MMR,2017,0.449
Myanmar,MMR,2018,0.462
Myanmar,MMR,2019,0.473
Myanmar,MMR,2020,0.479
Myanmar,MMR,2021,0.468
Myanmar,MMR,2022,0.475
Namibia,NAM,2010,0.373
Namibia,NAM,2011,0.377
Namibia,NAM,2012,0.383
Namibia,NAM,2013,0.395
Namibia,NAM,2014,0.402
Namibia,NAM,2015,0.407
Namibia,NAM,2016,0.41
Namibia,NAM,2017,0.412
Namibia,NAM,2018,0.413
Namibia,NAM,2019,0.416
Namibia,NAM,2020,0.415
Namibia,NAM,2021,0.404
Namibia,NAM,2022,0.399
Nepal,NPL,2011,0.375
Nepal,NPL,2012,0.38
Nepal,NPL,2013,0.385
Nepal,NPL,2014,0.383
Nepal,NPL,2015,0.383
Nepal,NPL,2016,0.397
Nepal,NPL,2017,0.402
Nepal,NPL,2018,0.408
Nepal,NPL,2019,0.415
Nepal,NPL,2020,0.413
Nepal,NPL,2021,0.412
Nepal,NPL,2022,0.424
Netherlands,NLD,2010,0.848
Netherlands,NLD,2011,0.863
Netherlands,NLD,2012,0.863
Netherlands,NLD,2013,0.865
Netherlands,NLD,2014,0.865
Netherlands,NLD,2015,0.866
Netherlands,NLD,2016,0.864
Netherlands,NLD,2017,0.868
Netherlands,NLD,2018,0.868
Netherlands,NLD,2019,0.873
Netherlands,NLD,2020,0.868
Netherlands,NLD,2021,0.878
Netherlands,NLD,2022,0.885
New Zealand,NZL,2011,0.846
New Zealand,NZL,2012,0.856
New Zealand,NZL,2013,0.855
New Zealand,NZL,2014,0.852
New Zealand,NZL,2015,0.852
New Zealand,NZL,2016,0.858
New Zealand,NZL,2017,0.857
New Zealand,NZL,2018,0.858
New Zealand,NZL,2019,0.859
New Zealand,NZL,2020,0.851
New Zealand,NZL,2021,0.851
New Zealand,NZL,2022,0.856
Nicaragua,NIC,2010,0.458
Nicaragua,NIC,2011,0.465
Nicaragua,NIC,2012,0.471
Nicaragua,NIC,2013,0.476
Nicaragua,NIC,2014,0.478
Nicaragua,NIC,2015,0.483
Nicaragua,NIC,2016,0.488
Nicaragua,NIC,2017,0.494
Nicaragua,NIC,2018,0.496
Nicaragua,NIC,2019,0.499
Nicaragua,NIC,2020,0.492
Nicaragua,NIC,2021,0.503
Nicaragua,NIC,2022,0.507
Niger,NER,2012,0.231
Niger,NER,2013,0.236
Niger,NER,2014,0.237
Niger,NER,2015,0.241
Niger,NER,2016,0.245
Niger,NER,2017,0.249
Niger,NER,2018,0.254
Niger,NER,2019,0.257
Niger,NER,2020,0.258
Niger,NER,2021,0.257
Niger,NER,2022,0.262
Nigeria,NGA,2011,0.311
Nigeria,NGA,2012,0.315
Nigeria,NGA,2013,0.322
Nigeria,NGA,2014,0.329
Nigeria,NGA,2015,0.334
Nigeria,NGA,2016,0.348
Nigeria,NGA,2017,0.35
Nigeria,NGA,2018,0.348
Nigeria,NGA,2019,0.354
Nigeria,NGA,2020,0.357
Nigeria,NGA,2021,0.365
Nigeria,NGA,2022,0.369
North Macedonia,MKD,2010,0.609
North Macedonia,MKD,2011,0.63
North Macedonia,MKD,2012,0.638
North Macedonia,MKD,2013,0.652
North Macedonia,MKD,2014,0.664
North Macedonia,MKD,2015,0.674
North Macedonia,MKD,2016,0.676
North Macedonia,MKD,2017,0.688
North Macedonia,MKD,2018,0.703
North Macedonia,MKD,2019,0.7
North Macedonia,MKD,2020,0.679
North Macedonia,MKD,2021,0.677
North Macedonia,MKD,2022,0.679
Norway,NOR,2010,0.885
Norway,NOR,2011,0.886
Norway,NOR,2012,0.888
Norway,NOR,2013,0.89
Norway,NOR,2014,0.894
Norway,NOR,2015,0.897
Norway,NOR,2016,0.898
Norway,NOR,2017,0.901
Norway,NOR,2018,0.902
Norway,NOR,2019,0.903
Norway,NOR,2020,0.905
Norway,NOR,2021,0.901
Norway,NOR,2022,0.903
Oman,OMN,2011,0.641
Oman,OMN,2012,0.643
Oman,OMN,2013,0.644
Oman,OMN,2014,0.646
Oman,OMN,2015,0.672
Oman,OMN,2016,0.678
Oman,OMN,2017,0.679
Oman,OMN,2018,0.684
Oman,OMN,2019,0.686
Oman,OMN,2020,0.671
Oman,OMN,2021,0.66
Oman,OMN,2022,0.721
Pakistan,PAK,2010,0.318
Pakistan,PAK,2011,0.322
Pakistan,PAK,2012,0.326
Pakistan,PAK,2013,0.33
Pakistan,PAK,2014,0.337
Pakistan,PAK,2015,0.343
Pakistan,PAK,2016,0.346
Pakistan,PAK,2017,0.35
Pakistan,PAK,2018,0.351
Pakistan,PAK,2019,0.356
Pakistan,PAK,2020,0.356
Pakistan,PAK,2021,0.358
Pakistan,PAK,2022,0.36
Palau,PLW,2014,0.611
Palau,PLW,2015,0.616
Palau,PLW,2016,0.618
Palau,PLW,2017,0.621
Palau,PLW,2018,0.623
Palau,PLW,2019,0.627
Palau,PLW,2020,0.63
Palau,PLW,2021,0.637
Palau,PLW,2022,0.633
Palestine,PSE,2010,0.555
Palestine,PSE,2011,0.56
Palestine,PSE,2012,0.572
Palestine,PSE,2013,0.576
Palestine,PSE,2014,0.569
Palestine,PSE,2015,0.583
Palestine,PSE,2016,0.589
Palestine,PSE,2017,0.584
Palestine,PSE,2018,0.589
Palestine,PSE,2019,0.605
Palestine,PSE,2020,0.587
Palestine,PSE,2021,0.587
Palestine,PSE,2022,0.587
Panama,PAN,2010,0.599
Panama,PAN,2011,0.603
Panama,PAN,2012,0.609
Panama,PAN,2013,0.617
Panama,PAN,2014,0.622
Panama,PAN,2015,0.626
Panama,PAN,2016,0.636
Panama,PAN,2017,0.636
Panama,PAN,2018,0.641
Panama,PAN,2019,0.643
Panama,PAN,2020,0.634
Panama,PAN,2021,0.64
Panama,PAN,2022,0.647
Papua New Guinea,PNG,2016,0.389
Papua New Guinea,PNG,2017,0.394
Papua New Guinea,PNG,2018,0.397
Papua New Guinea,PNG,2019,0.402
Papua New Guinea,PNG,2020,0.406
Papua New Guinea,PNG,2021,0.405
Papua New Guinea,PNG,2022,0.407
Paraguay,PRY,2010,0.53
Paraguay,PRY,2011,0.535
Paraguay,PRY,2012,0.558
Paraguay,PRY,2013,0.567
Paraguay,PRY,2014,0.561
Paraguay,PRY,2015,0.578
Paraguay,PRY,2016,0.575
Paraguay,PRY,2017,0.579
Paraguay,PRY,2018,0.59
Paraguay,PRY,2019,0.594
Paraguay,PRY,2020,0.598
Paraguay,PRY,2021,0.592
Paraguay,PRY,2022,0.582
Peru,PER,2010,0.538
Peru,PER,2011,0.544
Peru,PER,2012,0.554
Peru,PER,2013,0.57
Peru,PER,2014,0.574
Peru,PER,2015,0.581
Peru,PER,2016,0.591
Peru,PER,2017,0.596
Peru,PER,2018,0.605
Peru,PER,2019,0.614
Peru,PER,2020,0.585
Peru,PER,2021,0.601
Peru,PER,2022,0.607
Philippines,PHL,2010,0.536
Philippines,PHL,2011,0.539
Philippines,PHL,2012,0.544
Philippines,PHL,2013,0.552
Philippines,PHL,2014,0.557
Philippines,PHL,2015,0.565
Philippines,PHL,2016,0.566
Philippines,PHL,2017,0.572
Philippines,PHL,2018,0.585
Philippines,PHL,2019,0.592
Philippines,PHL,2020,0.586
Philippines,PHL,2021,0.58
Philippines,PHL,2022,0.59
Poland,POL,2010,0.759
Poland,POL,2011,0.764
Poland,POL,2012,0.767
Poland,POL,2013,0.776
Poland,POL,2014,0.783
Poland,POL,2015,0.788
Poland,POL,2016,0.796
Poland,POL,2017,0.802
Poland,POL,2018,0.802
Poland,POL,2019,0.804
Poland,POL,2020,0.791
Poland,POL,2021,0.791
Poland,POL,2022,0.797
Portugal,PRT,2010,0.717
Portugal,PRT,2011,0.716
Portugal,PRT,2012,0.712
Portugal,PRT,2013,0.719
Portugal,PRT,2014,0.724
Portugal,PRT,2015,0.731
Portugal,PRT,2016,0.737
Portugal,PRT,2017,0.745
Portugal,PRT,2018,0.752
Portugal,PRT,2019,0.76
Portugal,PRT,2020,0.765
Portugal,PRT,2021,0.763
Portugal,PRT,2022,0.774
Romania,ROU,2010,0.715
Romania,ROU,2011,0.716
Romania,ROU,2012,0.706
Romania,ROU,2013,0.709
Romania,ROU,2014,0.708
Romania,ROU,2015,0.703
Romania,ROU,2016,0.715
Romania,ROU,2017,0.73
Romania,ROU,2018,0.73
Romania,ROU,2019,0.739
Romania,ROU,2020,0.736
Romania,ROU,2021,0.73
Romania,ROU,2022,0.739
Russia,RUS,2010,0.71
Russia,RUS,2011,0.722
Russia,RUS,2012,0.719
Russia,RUS,2013,0.725
Russia,RUS,2014,0.732
Russia,RUS,2015,0.74
Russia,RUS,2016,0.746
Russia,RUS,2017,0.749
Russia,RUS,2018,0.761
Russia,RUS,2019,0.765
Russia,RUS,2020,0.751
Russia,RUS,2021,0.744
Russia,RUS,2022,0.747
Rwanda,RWA,2010,0.299
Rwanda,RWA,2011,0.321
Rwanda,RWA,2012,0.327
Rwanda,RWA,2013,0.329
Rwanda,RWA,2014,0.339
Rwanda,RWA,2015,0.341
Rwanda,RWA,2016,0.347
Rwanda,RWA,2017,0.352
Rwanda,RWA,2018,0.354
Rwanda,RWA,2019,0.364
Rwanda,RWA,2020,0.367
Rwanda,RWA,2021,0.371
Rwanda,RWA,2022,0.377
Saint Lucia,LCA,2016,0.548
Saint Lucia,LCA,2017,0.548
Saint Lucia,LCA,2018,0.55
Saint Lucia,LCA,2019,0.546
Saint Lucia,LCA,2020,0.539
Saint Lucia,LCA,2021,0.534
Saint Lucia,LCA,2022,0.539
Samoa,WSM,2019,0.609
Samoa,WSM,2020,0.612
Samoa,WSM,2021,0.609
Samoa,WSM,2022,0.602
Sao Tome and Principe,STP,2010,0.42
Sao Tome and Principe,STP,2011,0.424
Sao Tome and Principe,STP,2012,0.43
Sao Tome and Principe,STP,2013,0.441
Sao Tome and Principe,STP,2014,0.454
Sao Tome and Principe,STP,2015,0.465
Sao Tome and Principe,STP,2016,0.469
Sao Tome and Principe,STP,2017,0.45
Sao Tome and Principe,STP,2018,0.453
Sao Tome and Principe,STP,2019,0.454
Sao Tome and Principe,STP,2020,0.456
Sao Tome and Principe,STP,2021,0.456
Sao Tome and Principe,STP,2022,0.459
Senegal,SEN,2010,0.29
Senegal,SEN,2011,0.3
Senegal,SEN,2012,0.304
Senegal,SEN,2013,0.308
Senegal,SEN,2014,0.311
Senegal,SEN,2015,0.312
Senegal,SEN,2016,0.316
Senegal,SEN,2017,0.318
Senegal,SEN,2018,0.321
Senegal,SEN,2019,0.328
Senegal,SEN,2020,0.329
Senegal,SEN,2021,0.328
Senegal,SEN,2022,0.334
Serbia,SRB,2013,0.681
Serbia,SRB,2014,0.684
Serbia,SRB,2015,0.692
Serbia,SRB,2016,0.709
Serbia,SRB,2017,0.715
Serbia,SRB,2018,0.73
Serbia,SRB,2019,0.735
Serbia,SRB,2020,0.739
Serbia,SRB,2021,0.739
Serbia,SRB,2022,0.74
Seychelles,SYC,2019,0.72
Seychelles,SYC,2020,0.711
Seychelles,SYC,2021,0.707
Seychelles,SYC,2022,0.715
Sierra Leone,SLE,2011,0.24
Sierra Leone,SLE,2012,0.244
Sierra Leone,SLE,2013,0.258
Sierra Leone,SLE,2014,0.26
Sierra Leone,SLE,2015,0.257
Sierra Leone,SLE,2016,0.264
Sierra Leone,SLE,2017,0.267
Sierra Leone,SLE,2018,0.27
Sierra Leone,SLE,2019,0.273
Sierra Leone,SLE,2020,0.272
Sierra Leone,SLE,2021,0.274
Sierra Leone,SLE,2022,0.277
Singapore,SGP,2010,0.797
Singapore,SGP,2011,0.795
Singapore,SGP,2012,0.796
Singapore,SGP,2013,0.8
Singapore,SGP,2014,0.802
Singapore,SGP,2015,0.807
Singapore,SGP,2016,0.808
Singapore,SGP,2017,0.809
Singapore,SGP,2018,0.816
Singapore,SGP,2019,0.82
Singapore,SGP,2020,0.818
Singapore,SGP,2021,0.819
Singapore,SGP,2022,0.825
Slovakia,SVK,2010,0.791
Slovakia,SVK,2011,0.789
Slovakia,SVK,2012,0.789
Slovakia,SVK,2013,0.793
Slovakia,SVK,2014,0.79
Slovakia,SVK,2015,0.798
Slovakia,SVK,2016,0.8
Slovakia,SVK,2017,0.808
Slovakia,SVK,2018,0.813
Slovakia,SVK,2019,0.811
Slovakia,SVK,2020,0.814
Slovakia,SVK,2021,0.805
Slovakia,SVK,2022,0.808
Slovenia,SVN,2010,0.844
Slovenia,SVN,2011,0.839
Slovenia,SVN,2012,0.838
Slovenia,SVN,2013,0.846
Slovenia,SVN,2014,0.851
Slovenia,SVN,2015,0.854
Slovenia,SVN,2016,0.861
Slovenia,SVN,2017,0.865
Slovenia,SVN,2018,0.871
Slovenia,SVN,2019,0.872
Slovenia,SVN,2020,0.865
Slovenia,SVN,2021,0.871
Slovenia,SVN,2022,0.882
South Africa,ZAF,2012,0.446
South Africa,ZAF,2013,0.452
South Africa,ZAF,2014,0.461
South Africa,ZAF,2015,0.466
South Africa,ZAF,2016,0.456
South Africa,ZAF,2017,0.469
South Africa,ZAF,2018,0.472
South Africa,ZAF,2019,0.478
South Africa,ZAF,2020,0.471
South Africa,ZAF,2021,0.466
South Africa,ZAF,2022,0.462
South Asia (UNDP),,2010,0.375
South Asia (UNDP),,2011,0.384
South Asia (UNDP),,2012,0.388
South Asia (UNDP),,2013,0.393
South Asia (UNDP),,2014,0.402
South Asia (UNDP),,2015,0.415
South Asia (UNDP),,2016,0.424
South Asia (UNDP),,2017,0.429
South Asia (UNDP),,2018,0.429
South Asia (UNDP),,2019,0.436
South Asia (UNDP),,2020,0.435
South Asia (UNDP),,2021,0.435
South Asia (UNDP),,2022,0.443
South Korea,KOR,2010,0.794
South Korea,KOR,2011,0.799
South Korea,KOR,2012,0.803
South Korea,KOR,2013,0.807
South Korea,KOR,2014,0.813
South Korea,KOR,2015,0.821
South Korea,KOR,2016,0.824
South Korea,KOR,2017,0.828
South Korea,KOR,2018,0.83
South Korea,KOR,2019,0.834
South Korea,KOR,2020,0.834
South Korea,KOR,2021,0.838
South Korea,KOR,2022,0.841
South Sudan,SSD,2010,0.223
South Sudan,SSD,2011,0.225
South Sudan,SSD,2012,0.209
South Sudan,SSD,2013,0.21
South Sudan,SSD,2014,0.209
South Sudan,SSD,2015,0.211
South Sudan,SSD,2016,0.209
South Sudan,SSD,2017,0.219
South Sudan,SSD,2018,0.22
South Sudan,SSD,2019,0.226
South Sudan,SSD,2020,0.224
South Sudan,SSD,2021,0.221
South Sudan,SSD,2022,0.222
Spain,ESP,2014,0.748
Spain,ESP,2015,0.752
Spain,ESP,2016,0.758
Spain,ESP,2017,0.767
Spain,ESP,2018,0.776
Spain,ESP,2019,0.781
Spain,ESP,2020,0.776
Spain,ESP,2021,0.78
Spain,ESP,2022,0.796
Sri Lanka,LKA,2016,0.61
Sri Lanka,LKA,2017,0.615
Sri Lanka,LKA,2018,0.619
Sri Lanka,LKA,2019,0.626
Sri Lanka,LKA,2020,0.628
Sri Lanka,LKA,2021,0.634
Sri Lanka,LKA,2022,0.63
Sub-Saharan Africa (UNDP),,2010,0.305
Sub-Saharan Africa (UNDP),,2011,0.319
Sub-Saharan Africa (UNDP),,2012,0.327
Sub-Saharan Africa (UNDP),,2013,0.333
Sub-Saharan Africa (UNDP),,2014,0.339
Sub-Saharan Africa (UNDP),,2015,0.343
Sub-Saharan Africa (UNDP),,2016,0.349
Sub-Saharan Africa (UNDP),,2017,0.352
Sub-Saharan Africa (UNDP),,2018,0.355
Sub-Saharan Africa (UNDP),,2019,0.359
Sub-Saharan Africa (UNDP),,2020,0.36
Sub-Saharan Africa (UNDP),,2021,0.36
Sub-Saharan Africa (UNDP),,2022,0.363
Sudan,SDN,2010,0.298
Sudan,SDN,2011,0.299
Sudan,SDN,2012,0.305
Sudan,SDN,2013,0.308
Sudan,SDN,2014,0.321
Sudan,SDN,2015,0.324
Sudan,SDN,2016,0.326
Sudan,SDN,2017,0.329
Sudan,SDN,2018,0.33
Sudan,SDN,2019,0.331
Sudan,SDN,2020,0.331
Sudan,SDN,2021,0.33
Sudan,SDN,2022,0.331
Sweden,SWE,2010,0.849
Sweden,SWE,2011,0.851
Sweden,SWE,2012,0.851
Sweden,SWE,2013,0.865
Sweden,SWE,2014,0.87
Sweden,SWE,2015,0.868
Sweden,SWE,2016,0.869
Sweden,SWE,2017,0.873
Sweden,SWE,2018,0.873
Sweden,SWE,2019,0.877
Sweden,SWE,2020,0.878
Sweden,SWE,2021,0.88
Sweden,SWE,2022,0.878
Switzerland,CHE,2010,0.867
Switzerland,CHE,2011,0.867
Switzerland,CHE,2012,0.874
Switzerland,CHE,2013,0.879
Switzerland,CHE,2014,0.879
Switzerland,CHE,2015,0.879
Switzerland,CHE,2016,0.883
Switzerland,CHE,2017,0.881
Switzerland,CHE,2018,0.884
Switzerland,CHE,2019,0.886
Switzerland,CHE,2020,0.879
Switzerland,CHE,2021,0.889
Switzerland,CHE,2022,0.891
Syria,SYR,2010,0.523
Syria,SYR,2011,0.542
Syria,SYR,2012,0.489
Syria,SYR,2013,0.422
Syria,SYR,2014,0.41
Syria,SYR,2015,0.42
Tajikistan,TJK,2012,0.547
Tajikistan,TJK,2013,0.553
Tajikistan,TJK,2014,0.555
Tajikistan,TJK,2015,0.552
Tajikistan,TJK,2016,0.555
Tajikistan,TJK,2017,0.561
Tajikistan,TJK,2018,0.566
Tajikistan,TJK,2019,0.571
Tajikistan,TJK,2020,0.562
Tajikistan,TJK,2021,0.58
Tajikistan,TJK,2022,0.585
Tanzania,TZA,2010,0.325
Tanzania,TZA,2011,0.331
Tanzania,TZA,2012,0.342
Tanzania,TZA,2013,0.345
Tanzania,TZA,2014,0.348
Tanzania,TZA,2015,0.352
Tanzania,TZA,2016,0.355
Tanzania,TZA,2017,0.361
Tanzania,TZA,2018,0.363
Tanzania,TZA,2019,0.369
Tanzania,TZA,2020,0.371
Tanzania,TZA,2021,0.368
Tanzania,TZA,2022,0.372
Thailand,THA,2012,0.622
Thailand,THA,2013,0.628
Thailand,THA,2014,0.656
Thailand,THA,2015,0.661
Thailand,THA,2016,0.663
Thailand,THA,2017,0.666
Thailand,THA,2018,0.668
Thailand,THA,2019,0.678
Thailand,THA,2020,0.676
Thailand,THA,2021,0.675
Thailand,THA,2022,0.681
Togo,TGO,2010,0.286
Togo,TGO,2011,0.286
Togo,TGO,2012,0.289
Togo,TGO,2013,0.295
Togo,TGO,2014,0.299
Togo,TGO,2015,0.309
Togo,TGO,2016,0.313
Togo,TGO,2017,0.32
Togo,TGO,2018,0.324
Togo,TGO,2019,0.337
Togo,TGO,2020,0.34
Togo,TGO,2021,0.344
Togo,TGO,2022,0.345
Tonga,TON,2019,0.654
Tonga,TON,2020,0.656
Tonga,TON,2021,0.653
Tonga,TON,2022,0.654
Tunisia,TUN,2011,0.541
Tunisia,TUN,2012,0.542
Tunisia,TUN,2013,0.544
Tunisia,TUN,2014,0.546
Tunisia,TUN,2015,0.548
Tunisia,TUN,2016,0.559
Tunisia,TUN,2017,0.562
Tunisia,TUN,2018,0.576
Tunisia,TUN,2019,0.579
Tunisia,TUN,2020,0.574
Tunisia,TUN,2021,0.571
Tunisia,TUN,2022,0.574
Turkey,TUR,2010,0.601
Turkey,TUR,2011,0.619
Turkey,TUR,2012,0.631
Turkey,TUR,2013,0.66
Turkey,TUR,2014,0.673
Turkey,TUR,2015,0.679
Turkey,TUR,2016,0.684
Turkey,TUR,2017,0.691
Turkey,TUR,2018,0.696
Turkey,TUR,2019,0.706
Turkey,TUR,2020,0.696
Turkey,TUR,2021,0.705
Turkey,TUR,2022,0.717
Tuvalu,TUV,2019,0.544
Tuvalu,TUV,2020,0.546
Tuvalu,TUV,2021,0.545
Tuvalu,TUV,2022,0.545
Uganda,UGA,2010,0.319
Uganda,UGA,2011,0.327
Uganda,UGA,2012,0.329
Uganda,UGA,2013,0.342
Uganda,UGA,2014,0.348
Uganda,UGA,2015,0.354
Uganda,UGA,2016,0.363
Uganda,UGA,2017,0.363
Uganda,UGA,2018,0.368
Uganda,UGA,2019,0.372
Uganda,UGA,2020,0.374
Uganda,UGA,2021,0.374
Uganda,UGA,2022,0.377
Ukraine,UKR,2010,0.698
Ukraine,UKR,2011,0.704
Ukraine,UKR,2012,0.713
Ukraine,UKR,2013,0.713
Ukraine,UKR,2014,0.715
Ukraine,UKR,2015,0.704
Ukraine,UKR,2016,0.708
Ukraine,UKR,2017,0.71
Ukraine,UKR,2018,0.711
Ukraine,UKR,2019,0.713
Ukraine,UKR,2020,0.704
Ukraine,UKR,2021,0.697
Ukraine,UKR,2022,0.676
United Arab Emirates,ARE,2016,0.745
United Arab Emirates,ARE,2017,0.785
United Arab Emirates,ARE,2018,0.808
United Arab Emirates,ARE,2019,0.854
United Arab Emirates,ARE,2020,0.853
United Arab Emirates,ARE,2021,0.854
United Arab Emirates,ARE,2022,0.859
United Kingdom,GBR,2010,0.832
United Kingdom,GBR,2011,0.834
United Kingdom,GBR,2012,0.837
United Kingdom,GBR,2013,0.85
United Kingdom,GBR,2014,0.851
United Kingdom,GBR,2015,0.847
United Kingdom,GBR,2016,0.849
United Kingdom,GBR,2017,0.854
United Kingdom,GBR,2018,0.853
United Kingdom,GBR,2019,0.854
United Kingdom,GBR,2020,0.844
United Kingdom,GBR,2021,0.855
United Kingdom,GBR,2022,0.865
United States,USA,2010,0.805
United States,USA,2011,0.808
United States,USA,2012,0.807
United States,USA,2013,0.809
United States,USA,2014,0.812
United States,USA,2015,0.809
United States,USA,2016,0.812
United States,USA,2017,0.814
United States,USA,2018,0.815
United States,USA,2019,0.818
United States,USA,2020,0.808
United States,USA,2021,0.815
United States,USA,2022,0.823
Uruguay,URY,2010,0.658
Uruguay,URY,2011,0.673
Uruguay,URY,2012,0.683
Uruguay,URY,2013,0.688
Uruguay,URY,2014,0.693
Uruguay,URY,2015,0.695
Uruguay,URY,2016,0.702
Uruguay,URY,2017,0.708
Uruguay,URY,2018,0.709
Uruguay,URY,2019,0.712
Uruguay,URY,2020,0.717
Uruguay,URY,2021,0.711
Uruguay,URY,2022,0.72
Vanuatu,VUT,2010,0.469
Vanuatu,VUT,2011,0.471
Vanuatu,VUT,2012,0.471
Vanuatu,VUT,2013,0.475
Vanuatu,VUT,2014,0.478
Vanuatu,VUT,2015,0.48
Venezuela,VEN,2011,0.639
Venezuela,VEN,2012,0.638
Venezuela,VEN,2013,0.638
Venezuela,VEN,2014,0.639
Venezuela,VEN,2015,0.645
Venezuela,VEN,2016,0.652
Venezuela,VEN,2017,0.644
Venezuela,VEN,2018,0.634
Venezuela,VEN,2019,0.619
Venezuela,VEN,2020,0.592
Venezuela,VEN,2021,0.591
Venezuela,VEN,2022,0.6
Very high human development (UNDP),,2010,0.77
Very high human development (UNDP),,2011,0.777
Very high human development (UNDP),,2012,0.778
Very high human development (UNDP),,2013,0.782
Very high human development (UNDP),,2014,0.786
Very high human development (UNDP),,2015,0.788
Very high human development (UNDP),,2016,0.792
Very high human development (UNDP),,2017,0.795
Very high human development (UNDP),,2018,0.798
Very high human development (UNDP),,2019,0.803
Very high human development (UNDP),,2020,0.797
Very high human development (UNDP),,2021,0.801
Very high human development (UNDP),,2022,0.807
Vietnam,VNM,2010,0.548
Vietnam,VNM,2011,0.553
Vietnam,VNM,2012,0.566
Vietnam,VNM,2013,0.568
Vietnam,VNM,2014,0.576
Vietnam,VNM,2015,0.58
Vietnam,VNM,2016,0.582
Vietnam,VNM,2017,0.586
Vietnam,VNM,2018,0.589
Vietnam,VNM,2019,0.594
Vietnam,VNM,2020,0.605
Vietnam,VNM,2021,0.599
Vietnam,VNM,2022,0.607
World,OWID_WRL,2010,0.522
World,OWID_WRL,2011,0.529
World,OWID_WRL,2012,0.534
World,OWID_WRL,2013,0.546
World,OWID_WRL,2014,0.552
World,OWID_WRL,2015,0.557
World,OWID_WRL,2016,0.562
World,OWID_WRL,2017,0.566
World,OWID_WRL,2018,0.568
World,OWID_WRL,2019,0.574
World,OWID_WRL,2020,0.572
World,OWID_WRL,2021,0.572
World,OWID_WRL,2022,0.576
Yemen,YEM,2010,0.334
Yemen,YEM,2011,0.333
Yemen,YEM,2012,0.334
Yemen,YEM,2013,0.337
Yemen,YEM,2014,0.327
Yemen,YEM,2015,0.305
Yemen,YEM,2016,0.297
Yemen,YEM,2017,0.29
Yemen,YEM,2018,0.286
Yemen,YEM,2019,0.288
Yemen,YEM,2020,0.289
Yemen,YEM,2021,0.285
Yemen,YEM,2022,0.285
Zambia,ZMB,2010,0.32
Zambia,ZMB,2011,0.324
Zambia,ZMB,2012,0.334
Zambia,ZMB,2013,0.342
Zambia,ZMB,2014,0.345
Zambia,ZMB,2015,0.332
Zambia,ZMB,2016,0.334
Zambia,ZMB,2017,0.336
Zambia,ZMB,2018,0.34
Zambia,ZMB,2019,0.342
Zambia,ZMB,2020,0.341
Zambia,ZMB,2021,0.34
Zambia,ZMB,2022,0.344
Zimbabwe,ZWE,2011,0.34
Zimbabwe,ZWE,2012,0.357
Zimbabwe,ZWE,2013,0.367
Zimbabwe,ZWE,2014,0.374
Zimbabwe,ZWE,2015,0.379
Zimbabwe,ZWE,2016,0.383
Zimbabwe,ZWE,2017,0.385
Zimbabwe,ZWE,2018,0.394
Zimbabwe,ZWE,2019,0.376
Zimbabwe,ZWE,2020,0.373
Zimbabwe,ZWE,2021,0.37
Zimbabwe,ZWE,2022,0.37